INSTRUMENT_ID;SUPERTYPE;ISIN
5771;Stock;RU000A0JUG31
5163;Bond;RU000A0JU898
5896;Bond;RU000A0JUQQ5
5897;Bond;RU000A0JUQR3
5898;Bond;
5899;Bond;
5900;Bond;
5901;Bond;
11253;Bond;RU000A0ZZEW4
11437;Bond;RU000A0ZZRB0
11640;Bond;RU000A0ZZZ66
11876;Bond;RU000A100998
10558;Bond;RU000A0ZYCD1
10622;Bond;RU000A0ZYF61
10694;Bond;RU000A0ZYJ00
9589;Bond;RU000A0JWWQ9
3762;Stock;RU0007252813
4492;Bond;
4493;Bond;
4494;Bond;
4495;Bond;
10824;Bond;RU000A0ZYR18
3999;Bond;RU000A0JRJC6
4475;Bond;RU000A0JT593
10560;Bond;RU000A0ZYCJ8
10819;Bond;RU000A0ZYQX9
2537;Bond;RU000A0JQAL8
2538;Bond;RU000A0JQAM6
2931;Bond;RU000A0JQXG0
2929;Bond;RU000A0JR5F7
3399;Bond;RU000A0JRDY3
2930;Bond;RU000A0JR6S8
4138;Bond;RU000A0JS488
4622;Bond;RU000A0JTDX1
5000;Bond;RU000A0JTW83
6101;Bond;RU000A0JV4R9
10945;Bond;RU000A0ZZ1N0
11047;Bond;RU000A0ZZ7C0
11785;Bond;RU000A1004W6
12279;Bond;RU000A100ET6
3516;Bond;RU000A0JRJB8
3517;Bond;RU000A0JRJL7
4140;Bond;RU000A0JS4J1
4141;Bond;RU000A0JS4K9
4142;Bond;RU000A0JS4L7
10601;Bond;RU000A0ZYDA5
11619;Bond;RU000A0ZZXP8
9495;Bond;
9496;Bond;RU000A1004K1
9498;Bond;RU000A100DG5
9499;Bond;RU000A0JWVL2
9500;Bond;RU000A0ZZBV2
10841;Bond;RU000A0ZYTZ8
11769;Bond;RU000A1004A2
2670;Bond;RU000A0JQK64
3558;Bond;RU000A0JRLE8
4199;Bond;RU000A0JT874
5309;Bond;RU000A0JU1Q8
5310;Bond;RU000A0JUAD7
11279;Investment share;RU000A0ZZH92
11464;Investment share;RU000A1000F9
11465;Investment share;RU000A1000Q6
9934;Bond;RU000A0JXQ85
11857;Bond;RU000A1008B1
3104;Bond;RU000A0JWM31
4305;Bond;RU000A0JS9X1
5531;Bond;RU000A0JU9K4
6229;Bond;RU000A0JV0T3
9272;Bond;RU000A0JWJF9
10490;Bond;RU000A0ZZ2W9
3184;Investment share;RU000A0JR3X5
9420;Bond;RU000A0JWLG3
10531;Bond;RU000A0ZYA66
11631;Investment share;RU000A1002S8
11889;Investment share;RU000A100E21
99;Stock;RU000A0JP5V6
10696;Bond;RU000A0ZYKG7
11013;Bond;
11259;Bond;RU000A0ZZH84
11315;Bond;
11487;Bond;RU000A0ZZYR2
11652;Bond;RU000A100071
11653;Bond;RU000A100089
11745;Bond;
11746;Bond;
11747;Bond;
11748;Bond;
11749;Bond;
11758;Bond;RU000A100EJ7
11750;Bond;
11751;Bond;
11752;Bond;
12210;Bond;RU000A100FT3
12209;Bond;RU000A100FV9
12208;Bond;RU000A100FX5
12207;Bond;RU000A100G29
11753;Bond;
12206;Bond;RU000A100G60
12205;Bond;RU000A100GB9
12204;Bond;RU000A100GJ2
12203;Bond;
12202;Bond;
12201;Bond;
12200;Bond;
12199;Bond;
12198;Bond;
12197;Bond;
11754;Bond;
12196;Bond;
12195;Bond;
12194;Bond;
12193;Bond;
12192;Bond;
12191;Bond;
12190;Bond;
12189;Bond;
12188;Bond;
12187;Bond;
11755;Bond;
12186;Bond;
12185;Bond;
12184;Bond;
12183;Bond;
12182;Bond;
12181;Bond;
12180;Bond;
12179;Bond;
12178;Bond;
12177;Bond;
11756;Bond;RU000A100FW7
12176;Bond;
12175;Bond;
12174;Bond;
12173;Bond;
12172;Bond;
12171;Bond;
12170;Bond;
12169;Bond;
12168;Bond;
12167;Bond;
5325;Bond;RU000A0JUQE1
11832;Bond;
9858;Bond;
12166;Bond;
12165;Bond;
12164;Bond;
12163;Bond;
12162;Bond;
12161;Bond;
12160;Bond;
12159;Bond;
12158;Bond;
12157;Bond;
11833;Bond;RU000A100774
9859;Bond;
12156;Bond;
12155;Bond;
12154;Bond;
12153;Bond;
12152;Bond;
12151;Bond;
12150;Bond;
12149;Bond;
12148;Bond;
12147;Bond;
11834;Bond;RU000A100AE6
9860;Bond;
12146;Bond;
12145;Bond;
12144;Bond;
12143;Bond;
12142;Bond;
12141;Bond;
12140;Bond;
12139;Bond;
12138;Bond;
12137;Bond;
11856;Bond;RU000A100CS2
9861;Bond;
12136;Bond;
12135;Bond;
12134;Bond;
12133;Bond;
12132;Bond;
12131;Bond;
12130;Bond;
12129;Bond;
12128;Bond;
12127;Bond;
5329;Bond;RU000A0JV3Q3
9862;Bond;
12294;Bond;
9876;Bond;
12295;Bond;
9877;Bond;
9878;Bond;
9879;Bond;
9880;Bond;
9663;Bond;
9881;Bond;
9664;Bond;
9882;Bond;
9665;Bond;
9883;Bond;
9666;Bond;
9884;Bond;
9667;Bond;
9885;Bond;
9668;Bond;
9669;Bond;
5342;Bond;RU000A0JU773
9670;Bond;
9671;Bond;
9672;Bond;
11007;Foreign Fund shares;LU1483649825
11006;Foreign Fund shares;LU1483649312
10541;Bond;RU000A0ZYB40
3166;Bond;RU000A0JR3H8
3167;Bond;RU000A0JR3G0
3392;Bond;RU000A0JRCX7
3701;Bond;RU000A0JRTN2
4479;Bond;RU000A0JT403
4489;Bond;RU000A0JT6B2
4154;Bond;RU000A0JS4Z7
5571;Bond;RU000A0JUBA1
9303;Bond;RU000A0JW6P7
9488;Bond;RU000A0JWNE4
9502;Bond;RU000A0JWNJ3
5101;Bond;RU000A0JVQA7
9783;Bond;RU000A0JX4Q9
9994;Bond;RU000A0JXRP9
10364;Bond;RU000A0JXU48
10397;Bond;RU000A0JXU71
10728;Bond;RU000A0ZYLH3
11282;Bond;
11283;Bond;
11284;Bond;
11285;Bond;
11286;Bond;
11287;Bond;
10730;Bond;RU000A0ZYLJ9
11441;Bond;
11648;Bond;RU000A0ZZZP3
11684;Bond;RU000A1001V4
11743;Bond;RU000A1003W8
11783;Bond;RU000A1004U0
11917;Bond;RU000A100BM7
11919;Bond;RU000A0NH145
11921;Bond;RU000A0NH160
11922;Bond;RU000A0NH178
11923;Bond;RU000A0NH186
11924;Bond;RU000A0NH194
11925;Bond;RU000A0NH1A3
12262;Bond;RU000A100F46
12263;Bond;RU000A100F53
12264;Bond;RU000A100F61
12265;Bond;RU000A100F79
12266;Bond;
11048;Bond;
9197;Bond;RU000A0JW1K9
10742;Bond;RU000A0ZYMJ7
10603;Bond;RU000A0ZYD55
10740;Bond;RU000A0ZYM47
5976;Bond;RU000A0JUQF8
9392;Bond;RU000A0JWHN7
10048;Bond;RU000A0JXS83
11256;Bond;RU000A0ZZEM5
11798;Bond;RU000A1004X4
5299;Bond;RU000A0JS8X3
5416;Bond;RU000A0JS8Y1
5417;Bond;RU000A0JS8Z8
5431;Bond;RU000A0JS900
5876;Bond;RU000A0JS918
9249;Bond;RU000A0JS926
10685;Bond;RU000A0JS934
11192;Bond;RU000A0ZZDB0
11457;Bond;RU000A0ZZRR6
6111;Bond;RU000A0JWC74
6112;Bond;
6113;Bond;
6114;Bond;
6115;Bond;RU000A0JVFJ1
6116;Bond;
9358;Bond;
9357;Bond;
9356;Bond;
9355;Bond;
9354;Bond;
9353;Bond;
10815;Depositary receipt;US98387E2054
5081;Depositary receipt;US74735M1080
8572;Bond;RU000A0JV2J0
10703;Bond;RU000A0ZYHX8
10715;Bond;RU000A0ZYKJ1
5923;Stock;NL0009805522
5763;Depositary receipt;US52634T2006
8920;Bond;RU000A0JVK00
5347;Bond;RU000A0JU2H5
5992;Bond;RU000A0JUQP7
9440;Bond;RU000A0JWM56
10052;Bond;RU000A0JXT41
11105;Bond;RU000A0ZZ9P8
11458;Bond;RU000A0ZZSW4
10485;Bond;RU000A0JXYS9
11075;Bond;RU000A0ZZ8X4
8993;Bond;RU000A0JVS10
9067;Bond;RU000A0JVWM0
9616;Bond;RU000A0JWXF0
10564;Bond;RU000A0ZYCM2
10621;Bond;RU000A0ZYFB8
11150;Bond;RU000A0ZZC48
11328;Bond;RU000A0ZZM87
5359;Bond;RU000A0JU3B6
8976;Bond;RU000A0JVPR3
10607;Bond;RU000A0ZYDQ1
9422;Bond;RU000A0JWLD0
11477;Bond;RU000A0ZZUT6
6164;Bond;RU000A0JUX89
9612;Bond;RU000A0JWX87
5950;Bond;RU000A0JUPE3
8941;Bond;RU000A0JVM81
10716;Bond;RU000A0ZYKH5
5927;Bond;RU000A0JUN81
8929;Bond;RU000A0JVKF9
9683;Bond;RU000A0JWZM1
10401;Bond;RU000A0JXUD9
10498;Bond;RU000A0JY031
5977;Bond;RU000A0JUQH4
8883;Bond;RU000A0JVEH8
9386;Bond;RU000A0JWGT6
9976;Bond;RU000A0JXR43
11061;Bond;RU000A0ZZ7E6
11384;Bond;RU000A0ZZNJ2
12241;Bond;RU000A100CN3
4104;Eurobonds;XS0504954347
4229;Eurobonds;XS0767472458
4230;Eurobonds;XS0767473852
5403;Eurobonds;XS0971721450
5397;Eurobonds;XS0971721963
9402;Eurobonds;RU000A0JWHA4
10426;Eurobonds;RU000A0JXTS9
10425;Eurobonds;RU000A0JXU14
10929;Eurobonds;RU000A0ZYYN4
11849;Eurobonds;RU000A1006S9
5402;Eurobonds;XS0971722342
11618;Eurobonds;RU000A0ZZVE6
9699;Bond;RU000A0JX0J2
10597;Bond;RU000A0ZYCK6
4087;Bond;RU000A0JREQ7
4134;Bond;RU000A0JS3W6
4389;Bond;RU000A0JSMA2
4654;Bond;RU000A0JTG59
4791;Bond;RU000A0JTJL3
4793;Bond;RU000A0JTK38
5179;Bond;RU000A0JTYA5
5374;Bond;RU000A0JU4L3
9070;Bond;RU000A0JVW30
8657;Bond;RU000A0JVW48
9438;Bond;RU000A0JWM07
9805;Bond;RU000A0JXB41
9817;Bond;RU000A0JXFM1
9950;Bond;RU000A0JXQF2
10848;Bond;RU000A0ZYU88
10853;Bond;RU000A0ZYUA9
10855;Bond;RU000A0ZYUB7
11643;Bond;RU000A0ZZYW2
11842;Bond;RU000A1007F4
11910;Bond;RU000A100A82
12284;Bond;RU000A100EG3
12285;Bond;RU000A100EF5
8651;Bond;RU000A0JV4L2
8652;Bond;RU000A0JV4M0
8648;Bond;RU000A0JV4P3
8649;Bond;RU000A0JV4N8
8650;Bond;RU000A0JV4Q1
8655;Bond;RU000A0JV7J9
9700;Bond;RU000A0JX0H6
4092;Bond;RU0002867854
4093;Bond;RU0002868001
4096;Bond;RU000A0D0G29
4098;Bond;RU000A0GN9A7
4100;Bond;RU000A0JPLH5
4101;Bond;RU000A0JRTL6
8942;Bond;RU000A0JVMH1
10919;Bond;RU000A0ZYZ26
9937;Bond;RU000A0JXPQ1
10534;Bond;RU000A0ZYA25
10912;Bond;RU000A0ZYXW7
1269;Eurobonds;XS0088543193
1242;Eurobonds;US78307AAE38
1271;Eurobonds;XS0114288789
1245;Eurobonds;US78307ACZ49
9634;Bond;RU000A0JWZ77
10610;Bond;RU000A0ZYDU3
11431;Bond;RU000A0ZZQH9
5528;Bond;RU000A0JU9G2
9630;Bond;RU000A0JWY29
11433;Bond;RU000A0ZZQQ0
5995;Bond;RU000A0JUR46
9555;Bond;RU000A0JWUV3
10544;Bond;RU000A0ZYBD3
11394;Bond;RU000A0ZZPB4
10744;Bond;RU000A0ZYML3
9692;Bond;RU000A0JX0B9
5308;Bond;RU000A0JU1T2
9026;Bond;RU000A0JVUD3
9388;Bond;RU000A0JWHW8
10688;Bond;RU000A0ZYH93
9768;Bond;RU000A0JX3M0
9991;Bond;RU000A0JXRM6
10024;Bond;RU000A0JXS26
10707;Bond;RU000A0ZYJT2
10738;Bond;RU000A0ZYLX0
10753;Bond;RU000A0ZYL89
11388;Bond;RU000A0ZZNW5
11274;Bond;RU000A0ZZCH9
11489;Bond;RU000A0ZZV86
11637;Bond;RU000A0ZZZ58
11728;Bond;RU000A0ZZZ09
11879;Bond;RU000A100DQ4
9563;Bond;RU000A0JWUD1
9995;Bond;RU000A0JXRS3
10921;Bond;RU000A0ZZ083
4975;Bond;RU000A0JVUX1
11722;Bond;RU000A1002L3
4976;Bond;RU000A0JW9G0
11885;Bond;RU000A100AB2
4977;Bond;RU000A0JWG05
4978;Bond;RU000A0JWPL4
9708;Bond;RU000A0JX0L8
9561;Bond;RU000A0JWU80
9252;Bond;RU000A0JW316
9175;Bond;RU000A0JVZJ9
9337;Bond;RU000A0JWGW0
9565;Bond;RU000A0JWVB3
9908;Bond;RU000A0JXP29
10693;Bond;RU000A0ZYHU4
9867;Bond;RU000A0JXN62
10690;Bond;RU000A0ZYH51
11439;Bond;RU000A0ZZR58
12280;Bond;RU000A100EM1
4926;Bond;RU000A0JTR72
4927;Bond;RU000A0JTR80
4915;Bond;RU000A0JTQB9
9986;Bond;RU000A0JXRX3
11815;Bond;RU000A100782
5267;Bond;RU000A0JVP05
5270;Bond;RU000A0JVRN8
8900;Bond;RU000A0JVF98
8937;Bond;RU000A0JVLA8
11611;Bond;RU000A0ZZYS0
9558;Bond;RU000A0JWU31
9559;Bond;RU000A0JWU23
10542;Bond;RU000A0ZYBA9
10679;Bond;
10680;Bond;RU000A0ZYGG5
150;Stock;RU0009100945
5201;Stock;JE00B6T5S470
8933;Bond;RU000A0JVL33
9396;Bond;RU000A0JWKB6
5313;Bond;RU000A0JU286
5974;Bond;RU000A0JUQB7
10053;Bond;RU000A0JXTW1
779;Bond;RU000A0JNYN1
5409;Bond;RU000A0JU674
6144;Bond;RU000A0JUWB5
9737;Bond;RU000A0JX215
10720;Bond;RU000A0ZYKW4
9712;Bond;RU000A0JX0Z8
182;Stock;RU0009028674
4825;Bond;RU000A0JTM28
4841;Bond;RU000A0JTM36
4842;Bond;RU000A0JTM44
4843;Bond;RU000A0JTM51
136;Stock;RU000A0DQZE3
180;Stock;RU0009062285
10936;Bond;RU000A0ZZ1H2
215;Stock;RU0007661625
3604;Bond;RU000A0ZZER4
3619;Bond;RU000A0ZZES2
3620;Bond;RU000A0ZZET0
216;Stock;RU0007288411
95;Stock;RU000A0JP7J7
9831;Bond;RU000A0JXK40
9936;Bond;RU000A0JXQ93
10450;Bond;RU000A0JXY44
10941;Bond;RU000A0ZZ1M2
11003;Bond;RU000A0ZZ3S5
11141;Bond;RU000A0ZZAW2
11146;Bond;RU000A0ZZBJ7
120;Stock;RU000A0JPFP0
9556;Bond;RU000A0JWU98
9916;Bond;RU000A0JXPM0
10548;Bond;RU000A0ZYBV5
9027;Bond;RU000A0JVUJ0
5775;Stock;RU000A0JSQ90
5938;Bond;RU000A1009B9
8647;Stock;RU000A0JPNM1
11733;Bond;RU000A1003C0
11844;Bond;RU000A1007V1
12286;Bond;RU000A100FR7
123;Stock;RU000A0JPGA0
9484;Bond;RU000A0JWN63
9486;Bond;RU000A0JWN89
272;Stock;RU000A0JKQU8
11720;Bond;RU000A1002U4
11771;Bond;RU000A1004G9
18;Stock;RU0009084396
1660;Stock;RU000A0DKXV5
1496;Stock;RU000A0JPV70
283;Stock;RU0007775219
3191;Bond;RU000A0JR4J2
4932;Bond;RU000A0JTTA5
9815;Bond;RU000A0JXEV5
4933;Bond;RU000A0JWRV9
9887;Bond;RU000A0JXMH7
10624;Bond;RU000A0ZYFC6
10888;Bond;RU000A0ZYWX7
10889;Bond;RU000A0ZYWY5
11705;Bond;RU000A100238
11897;Bond;RU000A100A58
11898;Bond;RU000A100A66
4834;Stock;RU000A0JR4A1
8808;Stock;RU000A0JVBT9
268;Stock;RU0009024277
23;Stock;RU000A0J2Q06
4526;Bond;RU000A0JT940
4527;Bond;RU000A0JT965
5164;Bond;RU000A0JTYL2
4956;Bond;RU000A0JTS06
4957;Bond;RU000A0JTS22
5165;Bond;RU000A0JTYM0
5166;Bond;RU000A0JTYN8
5480;Bond;RU000A0JUFU0
9723;Bond;RU000A0JX132
10701;Bond;RU000A0ZYJH7
10702;Bond;RU000A0ZYJJ3
10732;Bond;RU000A0ZYLG5
9946;Bond;RU000A0JXQK2
10835;Bond;RU000A0ZYT40
9975;Bond;RU000A0JXR68
10882;Bond;RU000A0ZYVU5
10448;Bond;RU000A0JXXD3
11859;Bond;RU000A1008P1
5495;Bond;RU000A0JUFV8
10449;Bond;RU000A0JXXE1
11860;Bond;RU000A1008Q9
10563;Bond;RU000A0ZYCP5
286;Stock;RU0009046452
302;Stock;RU000A0JNAA8
6035;Bond;RU000A0JVMD0
6036;Bond;RU000A0JVM99
6037;Bond;RU000A0JVMB4
1717;Stock;RU000A0JPVJ0
1718;Stock;RU000A0JPVK8
313;Stock;RU0008943394
314;Stock;RU0009046700
4232;Bond;RU000A0JVFC6
9554;Bond;RU000A0JWTN2
9921;Bond;RU000A0JXPN8
10636;Bond;RU000A0ZYG52
10899;Bond;RU000A0ZYYE3
11848;Bond;RU000A100881
9162;Stock;RU000A0JVW89
1186;Stock;RU0009029540
1187;Stock;RU0009029557
9075;Bond;RU000A0JVWL2
10550;Bond;RU000A0ZYBS1
10863;Bond;RU000A0ZYUJ0
10937;Bond;RU000A0ZZ117
11149;Bond;RU000A0ZZBN9
11191;Bond;RU000A0ZZE20
4709;Bond;RU000A0JXRW5
4727;Bond;RU000A0JWUE9
11613;Bond;RU000A0ZZWZ9
11615;Bond;RU000A0ZZXS2
11616;Bond;
11839;Bond;RU000A100758
195;Stock;RU0009046510
3687;Stock;RU000A0JPR50
4256;Stock;RU000A0JS2J5
5202;Bond;RU000A0JTZ49
10891;Bond;RU000A0ZYX28
10892;Bond;RU000A0ZYWZ2
12254;Bond;RU000A100DZ5
5639;Bond;RU000A0JWPA7
5642;Bond;RU000A0ZYJR6
1183;Stock;RU0009033591
1184;Stock;RU0006944147
1209;Stock;RU000A0JNUD0
11000;Bond;
5576;Bond;RU000A0JUUG8
5840;Bond;RU000A0JUWW1
5841;Bond;RU000A0JUX30
5842;Bond;RU000A0JUWA7
5843;Bond;RU000A0JUXT5
1230;Stock;RU0009091573
2679;Bond;RU000A0JQCR1
10602;Bond;RU000A0ZYDD9
10843;Bond;RU000A0ZYUS1
10998;Bond;RU000A0ZZ349
12255;Bond;RU000A100E39
105;Stock;RU000A0B6NK6
141;Stock;RU000A0JPKH7
4847;Bond;RU000A0JTMG7
4848;Bond;RU000A0JTMK9
8843;Bond;RU000A0JVD25
10346;Bond;RU000A0JXTQ3
1477;Stock;RU000A0JPNN9
11424;Bond;RU000A0ZZQN7
4279;Bond;RU000A0JX090
4280;Bond;RU000A0ZYDH0
4161;Stock;RU000A0JRKT8
4531;Bond;RU000A0ZYPG6
4532;Bond;RU000A0JWTH4
293;Stock;RU000A0F5UN3
291;Stock;RU000A0JNGA5
8824;Bond;RU000A0JVC59
8825;Bond;RU000A0JVC67
7064;Bond;
9850;Bond;RU000A0JXLR8
5803;Bond;RU000A0JV573
5804;Bond;
5805;Bond;
9654;Stock;RU000A0JSE60
278;Stock;RU0008958863
1714;Bond;
1716;Bond;
7046;Depositary receipt;US7496552057
5007;Bond;RU000A0JTVZ8
11425;Bond;RU000A0ZZR33
5723;Foreign Fund shares;IE00BD3QFB18
4844;Foreign Fund shares;IE00B7L7CP77
5485;Foreign Fund shares;IE00BD3QJN10
5496;Foreign Fund shares;IE00BD3QJ310
5498;Foreign Fund shares;IE00BD3QHV53
5500;Foreign Fund shares;IE00BD3QJ757
5566;Foreign Fund shares;IE00BD5FH213
11393;Foreign Fund shares;IE00BG0C3K84
5430;Foreign Fund shares;IE00B8XB7377
9540;Bond;RU000A0JWT75
10433;Bond;RU000A0JXVH8
10698;Bond;RU000A0ZYJ18
10625;Depositary receipt;US29355E2081
8787;Stock;JE00B5BCW814
9058;Bond;RU000A0JVVA7
9199;Bond;RU000A0JW1G7
11869;Bond;RU000A1008V9
9547;Bond;RU000A0JWTV5
9702;Bond;RU000A0JX199
9807;Bond;RU000A0JXE06
5808;Bond;RU000A0JVA10
9918;Bond;RU000A0JXPG2
8966;Bond;RU000A0JVWD9
10494;Bond;RU000A0JY023
8967;Bond;RU000A0JVWJ6
10535;Bond;RU000A0ZYAP9
8968;Bond;RU000A0JW1P8
10752;Bond;RU000A0ZYNY4
9483;Bond;RU000A0JWST1
10825;Bond;RU000A0ZYR91
10932;Bond;RU000A0ZZ1J8
11073;Bond;RU000A0ZZ984
11134;Bond;RU000A0ZZAL5
11476;Bond;RU000A0ZZV11
11731;Bond;RU000A1003A4
12283;Bond;RU000A100FE5
289;Stock;RU000A0DKVS5
9072;Bond;RU000A0JWB59
5155;Bond;RU000A0JU0B2
4488;Bond;RU000A0JT6J5
9271;Bond;RU000A0JW5K0
11432;Bond;RU000A0ZZQU2
11474;Bond;RU000A0ZZUL3
11621;Bond;RU000A0ZZXM5
11662;Bond;RU000A1000A0
11710;Bond;RU000A1002E8
11741;Bond;RU000A1003R8
11840;Bond;RU000A1007E7
11846;Bond;RU000A100832
11902;Bond;RU000A100AF3
12253;Bond;RU000A100DX0
4547;Bond;RU000A0JWTK8
4548;Bond;RU000A0JX0P9
4549;Bond;RU000A0JXTF6
4550;Bond;RU000A0ZYAE3
4551;Bond;RU000A0ZYHK5
6176;Bond;RU000A0JXP45
6177;Bond;RU000A0ZYEE5
6178;Bond;RU000A0ZYRX7
6179;Bond;RU000A0ZYRY5
6183;Bond;RU000A0JXHQ8
6184;Bond;RU000A0ZYB73
6185;Bond;RU000A0ZYM05
4986;Bond;RU000A0JVF56
6157;Bond;RU000A0JUWU5
9064;Bond;RU000A0JVVR1
7059;Bond;RU000A0JV2H4
9653;Bond;RU000A0JWZ10
8607;Bond;RU000A0JV3M2
11801;Bond;RU000A100691
3199;Bond;RU000A0JR4U9
4619;Bond;RU000A0JTFB2
4572;Bond;RU000A0JTB96
6163;Bond;RU000A0JWK66
10733;Bond;RU000A0ZYLU6
10822;Bond;RU000A0ZYQU5
5121;Bond;RU000A0JX2R1
5120;Bond;RU000A0ZYF20
5122;Bond;RU000A0ZYF38
5123;Bond;RU000A0ZYFM5
5124;Bond;RU000A0ZYAR5
5125;Bond;RU000A0ZYFN3
11772;Bond;RU000A1005T9
5733;Investment share;RU000A0JUDS9
9922;Bond;RU000A0JXPU3
10939;Bond;RU000A0ZZ8U0
11867;Bond;RU000A1008Z0
5010;Bond;RU000A0JU0S6
5011;Bond;RU000A0JU0T4
3531;Bond;RU000A0JRJV6
3538;Bond;RU000A0JRK22
9798;Bond;RU000A0JXC40
9973;Bond;RU000A0JXRB9
9195;Bond;RU000A0JW0S4
9291;Bond;RU000A0JW5E3
9331;Bond;RU000A0JWBP5
9441;Bond;RU000A0JWMJ5
9912;Bond;RU000A0JXNV6
10562;Bond;RU000A0ZYCQ3
11472;Bond;RU000A0ZZUK5
11744;Bond;RU000A1003Q0
11900;Bond;RU000A100A90
10400;Bond;
4114;Bond;RU000A0JS5R1
4170;Bond;RU000A0JS603
10689;Bond;RU000A0ZYHH1
11764;Bond;RU000A100436
2806;Investment share;RU000A0JQSM8
9935;Bond;RU000A0JXQ28
10731;Bond;RU000A0ZYLF7
10886;Bond;RU000A0ZYX69
11438;Bond;RU000A0ZZRK1
11463;Bond;RU000A0ZZTL5
12269;Bond;RU000A100E88
4839;Bond;RU000A0JTLJ3
4840;Bond;RU000A0JTLL9
5045;Bond;RU000A0JVWN8
5046;Bond;RU000A0JWBF6
5051;Bond;RU000A0JW5H6
5052;Bond;RU000A0JWBE9
5053;Bond;RU000A100B73
6069;Bond;RU000A0JVJ45
9655;Bond;RU000A0JX009
11654;Bond;RU000A100030
10633;Bond;RU000A0ZYKM5
11655;Bond;RU000A100048
11409;Bond;RU000A0ZZPY6
11916;Bond;RU000A100B40
11926;Bond;RU000A0NH1B1
9148;Bond;RU000A0JVYG8
6146;Bond;RU000A0JUWK6
5744;Bond;RU000A0JUD00
3042;Bond;RU000A0JQY35
3646;Bond;RU000A0JRMW8
5735;Bond;RU000A0JUG15
745;Investment share;RU000A0JNUW0
1136;Investment share;RU000A0JPM71
1122;Investment share;RU000A0JPLG7
3037;Investment share;RU000A0JQYE3
4307;Investment share;RU000A0JS9A9
5940;Bond;RU000A0JUP89
9021;Bond;RU000A0JVU65
10050;Bond;RU000A0JXSD3
9751;Bond;RU000A0JX314
9757;Bond;RU000A0JX2S9
10722;Bond;RU000A0ZYKU8
11630;Bond;RU000A0ZZXZ7
10727;Bond;RU000A0ZYL48
6145;Bond;RU000A0JUWJ8
10600;Bond;RU000A0ZYCZ4
11649;Bond;RU000A0ZZZV1
9539;Bond;RU000A0JWSQ7
5507;Bond;RU000A0JU8R1
6193;Bond;RU000A0JUXW9
9039;Bond;RU000A0JVUH4
9624;Bond;RU000A0JWXQ7
10635;Bond;RU000A0ZYG60
10704;Bond;RU000A0ZYJB0
6198;Bond;RU000A0JV3U5
7066;Bond;RU000A0JV3T7
11891;Bond;RU000A100A33
12290;Bond;RU000A100G03
6222;Bond;RU000A0ZYUV5
12273;Bond;RU000A100EX8
6223;Bond;RU000A0ZYUW3
12274;Bond;
6224;Bond;RU000A0ZYUY9
6225;Bond;RU000A0ZYV04
6226;Bond;RU000A0JXFS8
6227;Bond;RU000A0JXFY6
8928;Bond;RU000A0JVKK9
9325;Bond;RU000A0JWBH2
8990;Bond;RU000A0JVWE7
11491;Bond;RU000A0ZZW77
9726;Bond;RU000A0JX1T9
9971;Bond;RU000A0JXQU1
9025;Bond;RU000A0JVTQ7
11033;Bond;RU000A0ZZ6K5
9997;Bond;RU000A0JXS34
9328;Bond;RU000A0JWF22
5035;Bond;RU000A0JWRH8
5572;Bond;RU000A0JUBD5
5999;Bond;RU000A0JUU25
9382;Bond;RU000A0JWGY6
11064;Bond;RU000A1004L9
11797;Bond;RU000A1005Y9
5432;Bond;RU000A0JUAG0
10616;Bond;RU000A0ZYEQ9
6027;Bond;RU000A0JUTC9
1761;Investment share;RU000A0JQ2Q2
2433;Investment share;RU000A0JQ4Q8
3677;Investment share;RU000A0JRQT5
923;Investment share;RU000A0JP6U6
11001;Bond;RU000A0ZZGE7
11739;Bond;RU000A1003L1
1150;Investment share;RU000A0JPMV4
1441;Stock;RU000A0JPPT1
2517;Bond;RU000A0JQ7X7
2518;Bond;RU000A0JQ7Z2
2789;Bond;RU000A0JQRD9
4979;Bond;RU000A0JTU85
5563;Bond;RU000A0JUAH8
4367;Bond;RU000A0JSGV0
10828;Bond;RU000A0JVY04
9895;Bond;RU000A0JXN05
9938;Bond;RU000A0JXQ44
9978;Bond;RU000A0JXR84
10493;Bond;RU000A0JXZB2
10842;Bond;RU000A0ZYU05
11017;Bond;RU000A0ZZ4P9
2666;Bond;RU000A0JWC82
11130;Bond;RU000A0ZZ9R4
11273;Bond;RU000A0ZZGT5
11449;Bond;RU000A0ZZRY2
11610;Bond;RU000A0ZZX19
11620;Bond;RU000A0ZZXL7
11721;Bond;RU000A1002C2
11843;Bond;RU000A1007Z2
11851;Bond;RU000A1008D7
11880;Bond;RU000A1009L8
10721;Bond;RU000A0ZYL22
10683;Bond;RU000A0ZYGM3
9010;Bond;RU000A0JVSY3
5429;Bond;RU000A0JU740
9549;Bond;RU000A0JWT91
2855;Stock;RU000A0JQTS3
3499;Bond;RU000A0JRHF3
3498;Bond;RU000A0JRHG1
9567;Bond;RU000A0JWV89
10047;Bond;RU000A0JXSS1
4513;Bond;
4514;Bond;
9894;Bond;RU000A0JXN21
10823;Bond;RU000A0ZYQY7
10867;Bond;RU000A0ZYWU3
11793;Bond;RU000A1005L6
11858;Bond;RU000A1008J4
1165;Stock;RU0008081765
1546;Stock;RU000A0B88G6
5754;Bond;RU000A0JUQC5
10331;Bond;RU000A0JXTB5
172;Stock;RU000A0JNG55
4156;Bond;RU000A0JS5F6
6028;Bond;RU000A0JWP38
6029;Bond;RU000A0JWSU9
6030;Bond;RU000A0JWSV7
6034;Bond;RU000A0JWP46
211;Stock;RU000A0JP2W1
5935;Bond;RU000A0JXMZ9
10930;Bond;RU000A0ZZ8T2
256;Stock;RU0008959580
9703;Bond;RU000A0ZZ7G1
9704;Bond;RU000A0ZZ7H9
9705;Bond;RU000A0ZZ885
9706;Bond;RU000A0ZZ877
9707;Bond;RU000A0ZZ893
8963;Bond;RU000A0JVP39
9191;Bond;RU000A0JW126
9688;Bond;RU000A0JX1C5
9689;Bond;RU000A0JX2B5
3209;Bond;RU000A0JVZC4
3210;Bond;RU000A0JVHX8
3211;Bond;
11503;Bond;RU000A0ZZYL5
1257;Stock;RU0009100291
4414;Stock;RU000A0JP120
3123;Stock;RU0009177331
3364;Bond;
3365;Bond;
3366;Bond;
11811;Bond;RU000A1006H2
11877;Bond;RU000A1009A1
10552;Bond;RU000A0ZYC98
10840;Bond;RU000A0ZYTM6
11726;Bond;RU000A1002P4
11810;Bond;RU000A1006G4
1318;Stock;RU000A0JPPN4
1383;Stock;RU000A0JPPB9
1399;Stock;RU000A0JPPF0
154;Stock;RU000A0JPN96
1328;Stock;RU000A0JPPL8
5190;Bond;RU000A0ZZ1Y7
279;Stock;RU000A0ET7Y7
11899;Bond;RU000A100AD8
5232;Bond;RU000A0JXJS0
5233;Bond;RU000A0JXR50
11789;Bond;RU000A1005H4
11908;Bond;RU000A100AN7
5274;Bond;RU000A0JUA45
11418;Bond;
11816;Bond;RU000A1007H0
5482;Bond;RU000A0JV1W5
9758;Bond;RU000A0JX355
5483;Bond;RU000A0JV1X3
9769;Bond;RU000A0JX413
5484;Bond;RU000A0JV1Y1
5486;Bond;RU000A0JUCS1
5487;Bond;RU000A0JUCR3
5488;Bond;RU000A0JV201
5489;Bond;RU000A0JV219
5490;Bond;RU000A0JV235
5491;Bond;RU000A0JV243
5492;Bond;RU000A0JV250
5493;Bond;RU000A0JV268
5494;Bond;RU000A0JV227
8573;Bond;RU000A0JV276
8574;Bond;RU000A0JV292
8575;Bond;RU000A0JV284
8576;Bond;RU000A0JV763
8577;Bond;RU000A0JV789
8578;Bond;RU000A0JV7A8
8579;Bond;RU000A0JV7D2
8580;Bond;RU000A0JV7C4
8581;Bond;RU000A0JV7B6
8582;Bond;RU000A0JV2A9
8583;Bond;RU000A0JV797
8584;Bond;RU000A0JV771
4676;Bond;
4677;Bond;
10556;Stock;RU000A0JXKG3
3417;Bond;RU000A0JRF11
11901;Bond;RU000A100BB0
13;Stock;RU000A0B90N8
10435;Bond;RU000A0JXVM8
1201;Stock;RU0006914488
4371;Bond;RU000A1008W7
4372;Bond;RU000A1008L0
1193;Stock;RU0008926258
1194;Stock;RU0009029524
1221;Stock;RU000A0H1ES3
9614;Bond;RU000A0JWX79
9592;Bond;RU000A0JWWM8
9844;Bond;RU000A0JXK99
10424;Bond;RU000A0JXVB1
10617;Bond;RU000A0ZYEB1
10627;Bond;RU000A0ZYFS2
5575;Bond;RU000A0JWLW0
5837;Bond;RU000A0JUQ96
5838;Bond;RU000A0JUR04
5839;Bond;RU000A0JV9Q0
6138;Bond;RU000A0JUYC9
6148;Bond;RU000A0JUZZ7
6149;Bond;RU000A0JV4S7
6150;Bond;RU000A0JVHH1
6151;Bond;RU000A0JVPS1
6152;Bond;RU000A0JVS36
6153;Bond;RU000A0JW5B9
6154;Bond;RU000A0JWEG8
6155;Bond;RU000A0JX0U9
9407;Bond;RU000A0JWK90
9445;Bond;RU000A0JWMS6
9514;Bond;RU000A0JWPW1
9569;Bond;RU000A0JWVC1
2823;Bond;RU000A0JWEB9
9801;Bond;RU000A0JXC24
9874;Bond;RU000A0JXM97
9944;Bond;RU000A0JXQD7
5381;Bond;RU000A0JXPD9
5382;Bond;RU000A0JXSF8
10005;Bond;RU000A0JXS75
11132;Bond;RU000A0ZZ9W4
11460;Bond;RU000A0ZZT80
4955;Bond;RU000A0JTVE3
8608;Bond;
3108;Bond;RU000A0JR1Y7
3109;Bond;RU000A0JR1Z4
3110;Bond;RU000A0JR209
3111;Bond;RU000A0JR217
3553;Bond;RU000A0JRL96
4510;Bond;RU000A0JT7T2
4391;Bond;RU000A0JSQ58
4806;Bond;RU000A0JTKA4
4470;Bond;RU000A0JT2K2
4281;Bond;RU000A0ZYJ91
4282;Bond;
4284;Bond;
4285;Bond;
4286;Bond;
9580;Stock;RU000A0JWNX4
1267;Stock;RU0008137070
1268;Stock;RU0008137088
9767;Bond;RU000A0JX439
9818;Bond;RU000A0JXHE4
9873;Bond;RU000A0JXME4
10348;Bond;RU000A0JXTY7
11852;Bond;RU000A100824
11853;Bond;RU000A100840
3744;Bond;RU000A0JU0N7
3745;Bond;RU000A0JRZ74
5593;Bond;RU000A0JUFP0
5594;Bond;RU000A0JV1D5
5595;Bond;RU000A0JV5R6
5596;Bond;RU000A0JV5U0
5597;Bond;RU000A0JUFQ8
5598;Bond;RU000A0JVBN2
5603;Bond;RU000A0JVBS1
8587;Stock;RU000A0JUCQ5
5778;Bond;RU000A0JUJG1
6135;Bond;RU000A0JUW23
10543;Bond;RU000A0ZYBG6
11704;Bond;RU000A100220
11914;Bond;RU000A100B16
4183;Bond;RU000A0JVUY9
8618;Bond;RU000A0JWUB5
5217;Bond;RU000A0JX2F6
5218;Bond;RU000A0JX2D1
8626;Bond;RU000A0JWGS8
8631;Bond;RU000A0JVNB2
8632;Bond;RU000A0JWNB0
9907;Bond;RU000A0JXNB8
4974;Bond;RU000A0JTTV1
3594;Investment share;RU000A0JRNZ9
6005;Bond;
6006;Bond;
6009;Bond;RU000A0JW167
6010;Bond;RU000A0JW175
10566;Bond;RU000A0ZYCR1
9806;Bond;RU000A0JXD07
11448;Bond;RU000A0ZZRZ9
11883;Bond;RU000A1009M6
5807;Bond;RU000A0JV375
4487;Bond;RU000A0JT6G1
8559;Bond;RU000A0JV1H6
8560;Bond;RU000A0JV1N4
11266;Bond;RU000A0ZZFZ4
11435;Bond;RU000A0ZZRC8
11612;Bond;RU000A0ZZXJ1
11687;Bond;RU000A100253
11686;Bond;RU000A100261
11787;Bond;RU000A100543
4543;Bond;RU000A0JU7Y9
11788;Bond;RU000A100550
4544;Bond;RU000A0JUMH3
11882;Bond;RU000A1009G8
4545;Bond;RU000A0JUQ39
4546;Bond;RU000A0JUV08
11197;Bond;RU000A0ZZE87
11913;Bond;RU000A100FF2
5162;Bond;RU000A0JV3K6
5424;Stock;RU000A0JU6Q7
11647;Bond;RU000A0ZZZ25
5302;Bond;
5303;Bond;
5737;Bond;
5738;Bond;
5739;Bond;
11077;Bond;XS1577961516
10240;Bond;XS1449458915
11332;Stock;GB00B0D5V538
6089;Bond;XS0861981180
12291;Bond;
12293;Bond;
4352;Bond;
10620;Bond;RU000A0ZYFE2
4353;Bond;
11005;Bond;RU000A0ZZ4B9
11264;Bond;RU000A0ZZG36
4357;Bond;
5668;Bond;RU000A0JUU90
5669;Bond;RU000A0JUUA1
5670;Bond;RU000A0JV0U1
5671;Bond;RU000A0JWPV3
5672;Bond;RU000A0JWUX9
5673;Bond;RU000A0JX5W4
5674;Bond;RU000A0JXQX5
5675;Bond;RU000A0JXRV7
5676;Bond;RU000A0ZYBM4
5677;Bond;RU000A0ZYGB6
5678;Bond;
5679;Bond;
5680;Bond;
5681;Bond;
5682;Bond;
5683;Bond;
5684;Bond;
5685;Bond;
5686;Bond;
5687;Bond;
5688;Bond;
5689;Bond;
5690;Bond;
5691;Bond;
5692;Bond;
5693;Bond;
5694;Bond;RU000A0ZYWB3
5695;Bond;RU000A0ZYU21
5696;Bond;
5697;Bond;
4987;Bond;RU000A0ZZL05
4496;Bond;
4497;Bond;
4498;Bond;
4499;Bond;
4500;Bond;
4501;Bond;
11679;Investment share;RU000A0ZZX84
10547;Bond;RU000A0ZYC31
10637;Bond;RU000A0ZYH02
9274;Bond;RU000A0JWM49
9888;Bond;RU000A0JXQ51
11016;Bond;RU000A100733
9018;Mortgage participation certificates;RU000A0JVT35
6141;Bond;RU000A0JV0N6
6142;Bond;RU000A0JV565
6143;Bond;RU000A0JV6D4
9578;Bond;RU000A0JWVS7
3772;Bond;
3774;Bond;
2973;Bond;RU000A0JQY01
3419;Bond;RU000A0JREW5
3421;Bond;RU000A0JREX3
3420;Bond;RU000A0JREZ8
3729;Bond;RU000A0JRUY7
3730;Bond;RU000A0JRV52
5729;Bond;RU000A0JUFE4
5730;Bond;RU000A0JUFF1
5731;Bond;RU000A0JUFG9
5732;Bond;RU000A0JUFH7
5512;Bond;RU000A0JUEE7
8952;Bond;RU000A0JVNL1
8986;Bond;RU000A0JVRV1
5514;Bond;RU000A0JVKC6
5520;Bond;RU000A0JV8D0
5515;Bond;RU000A0JV8G3
5521;Bond;RU000A0JV9D8
5516;Bond;RU000A0JV9H9
5518;Bond;RU000A0JVQQ3
5519;Bond;
5502;Bond;RU000A0JW3A6
5503;Bond;RU000A0JUAT3
5504;Bond;RU000A0ZYMN9
5505;Bond;RU000A0ZYMM1
5506;Bond;
4287;Bond;RU000A0JXJE0
4288;Bond;
4289;Bond;
11707;Investment share;RU000A0ZYPM4
11708;Investment share;RU000A0ZZVL1
11706;Investment share;RU000A0ZZVH9
6053;Bond;RU000A0JV433
6054;Bond;RU000A0JVF64
6055;Bond;
6161;Bond;
11014;Bond;RU000A0ZZ547
5147;Bond;RU000A0JTZF1
5811;Bond;RU000A0JUKX4
10879;Bond;RU000A0ZYW94
9435;Bond;RU000A0JWLY6
8636;Bond;RU000A0JV409
9324;Bond;RU000A0JWBA7
10438;Bond;RU000A0JXW46
10718;Bond;RU000A0ZYL55
11281;Bond;RU000A0ZZJZ6
5559;Bond;
5560;Bond;
5561;Bond;
5552;Bond;
5553;Bond;
6023;Bond;RU000A0JUYJ4
9728;Bond;RU000A0JX3A5
10706;Bond;RU000A0ZYU39
5361;Bond;RU000A0JU6G8
5362;Bond;RU000A0JVQT7
9497;Bond;
9988;Bond;RU000A0JXRN4
8585;Bond;RU000A0JV946
5012;Bond;
5015;Bond;
5014;Bond;
8931;Bond;RU000A0JVS93
8932;Bond;
3001;Bond;RU000A0JQYU9
3034;Bond;
3035;Bond;
3036;Bond;
8927;Bond;RU000A0JVUB7
5132;Bond;
5133;Bond;
5134;Bond;
5135;Bond;
5136;Bond;
9409;Bond;RU000A0JWK74
9345;Bond;RU000A0JWDA3
9346;Bond;RU000A0JWDB1
9347;Bond;RU000A0JWDC9
4032;Bond;RU000A0JS264
4473;Bond;RU000A0JT3J2
4674;Bond;RU000A0JTH82
5072;Bond;RU000A0JTX09
5355;Bond;RU000A0JU2N3
5885;Bond;RU000A0JVPJ0
9987;Bond;RU000A0JXTG4
5886;Bond;RU000A0JVDR9
10442;Bond;RU000A0JXYE9
5887;Bond;RU000A0JURM2
10443;Bond;RU000A0JXYG4
5890;Bond;RU000A0JUWV3
10441;Bond;RU000A0JXYH2
5888;Bond;RU000A0JVP21
5889;Bond;RU000A0JWX46
9063;Bond;RU000A0JVW22
9076;Bond;RU000A0JVWT5
9917;Bond;RU000A0JXPJ6
8831;Bond;RU000A0JWYK8
12281;Bond;RU000A100EV2
8794;Bond;RU000A0ZYLL5
5154;Bond;
2671;Bond;RU000A0JQK72
2801;Bond;RU000A0JQS09
2802;Bond;RU000A0JQS74
3557;Bond;RU000A0JRMB2
3561;Bond;RU000A0JRMC0
3735;Bond;RU000A0JRVN8
4197;Bond;RU000A0JS6N8
4506;Bond;RU000A0JT7M7
4994;Bond;RU000A0JTVJ2
4995;Bond;RU000A0JU6A1
8953;Bond;RU000A0JVN56
8954;Bond;RU000A0JVN64
8955;Bond;RU000A0JVN98
9201;Bond;RU000A0JW1V6
9202;Bond;RU000A0JW1Z7
10943;Bond;RU000A0ZZ4T1
9476;Bond;RU000A0JWMZ1
9477;Bond;RU000A0JWN22
9573;Bond;RU000A0JWV63
10944;Bond;RU000A0ZZ505
11638;Bond;RU000A0ZZY59
11479;Bond;RU000A0ZZUS8
9889;Bond;RU000A0JXMQ8
10366;Bond;RU000A0JXUC1
10549;Bond;RU000A0ZYBT9
10691;Bond;RU000A0ZYJ42
10890;Bond;RU000A0ZYXJ4
11412;Bond;RU000A0ZZPZ3
11478;Bond;RU000A0ZZVQ0
5700;Bond;RU000A0JV805
11863;Bond;RU000A1008F2
5701;Bond;RU000A0JVWB3
12298;Bond;RU000A100GM6
5702;Bond;
5703;Bond;
5704;Bond;
5705;Bond;RU000A0JUW31
5706;Bond;RU000A0JUW72
5707;Bond;RU000A0JV3R1
5709;Bond;RU000A0JV987
5710;Bond;
5711;Bond;
5712;Bond;
5713;Bond;
5714;Bond;
453;Investment share;RU000A0ERGA7
9410;Investment share;RU000A0JWAW3
10540;Investment share;RU000A0ZYC64
11893;Investment share;RU000A1002D0
11413;Investment share;RU000A0ZZ5R2
11709;Investment share;RU000A1006W1
11396;Bond;RU000A0ZZQ59
10725;Bond;RU000A0ZYLD2
11632;Bond;RU000A0ZZZU3
3102;Bond;
4480;Bond;
4481;Bond;
4482;Bond;
4483;Bond;
4485;Bond;
6016;Mortgage participation certificates;RU000A0JUQZ6
9582;Investment share;RU000A0JT7G9
1161;Investment share;RU000A0JPPP9
3345;Investment share;RU000A0JR8H7
9782;Investment share;RU000A0JX2H2
3000;Investment share;RU000A0JQY19
6001;Investment share;RU000A0JUR20
4158;Bond;RU000A0JS5B5
4159;Bond;RU000A0JS5A7
4162;Bond;RU000A0JS5L4
5047;Bond;
5048;Bond;
5049;Bond;
5050;Bond;
5054;Bond;
5055;Bond;
5056;Bond;
5057;Bond;
5058;Bond;
10719;Bond;RU000A0ZYM54
11260;Bond;RU000A0ZZFH2
2872;Investment share;RU000A0JQUQ5
2871;Investment share;RU000A0JQUP7
9437;Bond;RU000A0JWMM9
9711;Bond;RU000A0JX108
9947;Bond;RU000A0JXQJ4
5984;Bond;RU000A0JUS37
5986;Bond;RU000A0JUSJ6
11659;Bond;RU000A1001L5
5855;Bond;RU000A0JV052
5866;Bond;RU000A0JUSH0
11262;Bond;RU000A1003E6
5128;Bond;RU000A0JVH05
5129;Bond;RU000A0JU0U2
9762;Bond;RU000A0JXJM3
9763;Bond;RU000A0JXJP6
8982;Bond;RU000A0JVVK6
8983;Bond;RU000A0JVVP5
8984;Bond;RU000A0JVVT7
3219;Investment share;RU000A0JR2C1
3220;Investment share;RU000A0JR290
3221;Investment share;RU000A0JR2A5
3218;Investment share;RU000A0JR282
10758;Investment share;RU000A0HF0L2
932;Investment share;RU000A0JP799
11144;Investment share;RU000A0JVHY6
3163;Investment share;RU000A0JR316
5549;Investment share;RU000A0JU9Y5
6070;Bond;
6071;Bond;
6072;Bond;
6073;Bond;
1166;Stock;RU000A0DM7B3
11836;Bond;RU000A1007Q1
5177;Bond;
9123;Bond;
9124;Bond;
9125;Bond;
9126;Bond;
9322;Bond;RU000A0JWF71
4982;Bond;
4983;Bond;RU000A0JVD41
4984;Bond;
11761;Bond;RU000A0JXGV0
8985;Bond;RU000A0JVRL2
6018;Bond;RU000A0JUT85
9056;Bond;RU000A0JVVL4
6019;Bond;RU000A0JVM32
9132;Bond;RU000A0JVXX5
9436;Bond;RU000A0JWM15
6085;Bond;XS0620695204
6099;Bond;XS0925043100
3685;Bond;RU000A0JRSW5
3686;Bond;RU000A0JRSX3
4450;Bond;RU000A0JSZF3
4451;Bond;RU000A0JSZG1
5087;Bond;RU000A0JTXP5
5088;Bond;RU000A0JTXQ3
5605;Bond;RU000A0JUCH4
5607;Bond;RU000A0JUCJ0
5953;Bond;RU000A0JUPS3
5954;Bond;RU000A0JUPT1
8557;Bond;RU000A0JV1E3
8558;Bond;RU000A0JV1F0
11136;Bond;RU000A0ZZBD0
9605;Bond;
9606;Bond;
9607;Bond;
9608;Bond;
9609;Bond;
5323;Bond;
5326;Bond;
5327;Bond;
5328;Bond;
12234;Bond;RU000A100EN9
5330;Bond;
5331;Bond;
5332;Bond;
5333;Bond;
5334;Bond;
5335;Bond;
5336;Bond;
5337;Bond;
5338;Bond;
5339;Bond;
5340;Bond;
5341;Bond;
5343;Bond;
9629;Bond;RU000A0JWYS1
11791;Bond;RU000A1005E1
5237;Bond;RU000A0JVBX1
5240;Bond;
5831;Bond;RU000A0JUPW5
5780;Bond;RU000A0JV0P1
5781;Bond;
5782;Bond;
5783;Bond;RU000A0JVHS8
5784;Bond;
5785;Bond;RU000A0JV0Q9
12299;Bond;XS2015214757
9184;Bond;XS1327117633
9442;Bond;XS1434175730
9866;Bond;XS1571345583
9906;Bond;XS1590566193
10333;Bond;XS1604405545
10429;Bond;XS1637911451
10440;Bond;XS1642546581
10476;Bond;XS1654213294
10482;Bond;XS1654229290
10487;Bond;XS1654237129
10532;Bond;XS1675776014
10619;Bond;XS1708325748
10681;Bond;XS1713519012
10687;Bond;XS1718466250
10736;Bond;XS1731601867
10751;Bond;XS1708322133
10827;Bond;XS1762858428
10839;Bond;XS1764143597
10880;Bond;XS1783223206
10895;Bond;XS1713519368
10933;Bond;XS1799164790
11019;Bond;XS1807420937
11062;Bond;XS1819608172
11065;Bond;XS1820831607
11072;Bond;XS1801889830
11131;Bond;XS1833629253
11138;Bond;XS1838071964
11194;Bond;XS1857100413
11252;Bond;XS1859436070
11312;Bond;XS1859436401
11313;Bond;XS1870376461
11317;Bond;XS1873963794
11327;Bond;XS1822383094
11333;Bond;XS1878009866
11423;Bond;XS1892856128
11466;Bond;XS1900962892
11473;Bond;XS1904686661
11493;Bond;XS1903464391
11494;Bond;XS1894115705
11507;Bond;XS1917700723
11644;Bond;XS1923604984
11676;Bond;XS1927711454
11727;Bond;XS1937694625
11732;Bond;XS1943597994
11740;Bond;XS1949598855
11778;Bond;XS1952156344
11779;Bond;XS1954534621
11780;Bond;XS1953826978
11808;Bond;XS1960651641
11812;Bond;XS1962541709
11813;Bond;XS1963835902
11875;Bond;XS1946763361
11881;Bond;XS1967593796
11894;Bond;XS1982161603
11905;Bond;XS1985081444
12245;Bond;XS1998798984
12278;Bond;XS2004904285
12289;Bond;XS2009879425
6310;Bond;XS0810596832
5902;Bond;RU000A0JV441
6080;Bond;XS0993162683
9003;Bond;XS0524610812
9004;Bond;XS0559915961
9050;Bond;XS0800817073
9385;Bond;XS1084024584
6083;Bond;XS0848137708
9384;Bond;XS1040726587
9538;Bond;XS0885733153
6092;Bond;XS0191754729
6097;Bond;XS0316524130
9520;Bond;XS0906946008
5104;Bond;
5102;Bond;
5103;Bond;
5105;Bond;
5106;Bond;
5107;Bond;RU000A0JUTB1
5111;Bond;
5108;Bond;
5110;Bond;
5113;Bond;
5284;Bond;
5285;Bond;
11622;Bond;
9749;Bond;RU000A0JX2M2
9060;Bond;XS0830192711
6093;Bond;XS0997544860
9503;Bond;XS1405775377
5745;Bond;RU000A0JUD34
6140;Mortgage participation certificates;RU000A0JUW49
3092;Investment share;RU000A0JR0A9
8918;Bond;RU000A0JVJY2
8916;Bond;RU000A0JVHJ7
4009;Bond;RU000A0JS1A6
4010;Bond;RU000A0JS1B4
4604;Bond;RU000A0JTCV7
4605;Bond;RU000A0JTD52
5577;Bond;RU000A0JUBT1
5578;Bond;RU000A0JUC19
4430;Bond;RU000A0JSKJ7
5394;Bond;RU000A0JU3J9
5895;Bond;RU000A0JUJ87
8841;Bond;RU000A0JV7G5
8842;Bond;RU000A0JV755
7061;Bond;RU000A0JV1C7
7062;Bond;RU000A0JV1B9
8596;Bond;RU000A0JV326
8597;Bond;RU000A0JV318
5779;Bond;RU000A0JUJE6
8910;Bond;RU000A0JVAJ2
8911;Bond;RU000A0JVAQ7
8561;Bond;RU000A0JV1U9
8562;Bond;RU000A0JV1V7
5665;Bond;RU000A0JUE66
5955;Bond;RU000A0JUQ54
9130;Bond;RU000A0JVU81
8653;Bond;RU000A0JV664
5968;Bond;RU000A0JUPU9
5951;Bond;RU000A0JUPF0
8646;Bond;RU000A0JV508
8614;Bond;RU000A0JV3S9
7067;Bond;RU000A0JV169
7068;Bond;RU000A0JV185
9729;Bond;RU000A0JX2L4
3217;Investment share;RU000A0JR555
4607;Bond;
4608;Bond;
4609;Bond;
8909;Bond;RU000A0JVB35
9250;Bond;RU000A0JVTM6
9399;Bond;RU000A0JWF30
5616;Bond;RU000A0JUCX1
6175;Bond;RU000A0JUZU8
10970;Bond;RU000A100790
5928;Investment share;RU000A0JUN16
11470;Bond;RU000A0ZZV52
3755;Investment share;RU000A0JRSS3
3757;Investment share;RU000A0JRST1
3758;Investment share;RU000A0JRXV7
4850;Investment share;RU000A0JTPA3
1027;Investment share;RU000A0JPCF8
1087;Investment share;RU000A0JPJ35
5947;Investment share;RU000A0JUKK1
243;Stock;RU0008960828
3214;Bond;
3918;Stock;RU0009089825
3977;Stock;RU0006753456
4045;Bond;RU000A0JVA77
3006;Bond;
4965;Bond;
4967;Bond;
4968;Bond;
1687;Stock;RU000A0JP1N2
2439;Stock;RU000A0JP1P7
10338;Bond;RU000A0JXT58
5871;Bond;RU000A0JUG56
7057;Bond;RU000A0JUG80
7058;Bond;RU000A0JUG98
8844;Bond;RU000A0JUG72
10475;Bond;XS1589324075
9062;Bond;XS1298447019
4021;Bond;RU000A0JS1F5
4237;Bond;RU000A0JS793
4224;Bond;RU000A0JS710
5279;Bond;RU000A0JUD42
9057;Bond;RU000A0JVV49
9542;Bond;RU000A0JWWG0
6091;Bond;XS0864383723
10261;Bond;XS1503160571
10396;Bond;RU000A0JXU89
10750;Bond;RU000A0ZYXM8
9913;Bond;RU000A0JXQQ9
11841;Bond;RU000A1007U3
11506;Bond;RU000A0ZZYF7
9269;Bond;RU000A0JWA92
4243;Bond;RU000A0JSL87
4613;Bond;RU000A0JTEM2
9192;Bond;RU000A0JW118
5769;Mortgage participation certificates;RU000A0JUGA0
5795;Bond;RU000A0JUJW8
11768;Bond;RU000A100535
8784;Bond;RU000A0JVBF8
11663;Bond;RU000A100725
9417;Bond;RU000A0JWL32
3528;Investment share;RU000A0JRHC0
5774;Bond;RU000A0JUHV4
11430;Bond;RU000A0ZZXT0
9871;Bond;RU000A0JXM22
10883;Bond;RU000A0ZYJ26
10924;Bond;RU000A0ZZ0R3
11434;Bond;RU000A0ZZV03
11868;Bond;RU000A100FY3
10760;Bond;RU000A0ZYVY7
9974;Investment share;RU000A0JXP78
10737;Bond;RU000A0ZYM21
11872;Bond;
9118;Bond;RU000A0JVZB6
10431;Bond;RU000A0JXVG0
10931;Bond;RU000A0ZZ2A5
10821;Bond;RU000A0ZYU54
11322;Bond;RU000A0ZZNL8
11436;Bond;RU000A0ZZS73
11278;Bond;RU000A0ZZKW1
8833;Bond;RU000A0JVCL4
9011;Bond;RU000A0JVW55
9012;Bond;RU000A0JVX62
9163;Bond;RU000A0JW8X7
9166;Bond;RU000A0JWCP3
9167;Bond;RU000A0JWCU3
9168;Bond;RU000A0JWD65
9169;Bond;RU000A0JWD73
10599;Bond;RU000A0ZYE96
10866;Bond;RU000A0ZZ0D3
11407;Bond;RU000A0ZZR90
11046;Bond;RU000A0ZZ7R8
10761;Bond;RU000A0ZYSS5
6105;Bond;RU000A0JURT7
11319;Bond;RU000A0ZYPB7
11103;Bond;RU000A0ZZNM6
11492;Bond;RU000A100584
5767;Bond;RU000A0JUL18
9418;Bond;RU000A0JWKQ4
9419;Bond;RU000A0JWKP6
8902;Bond;RU000A0JVFN3
8589;Bond;RU000A0JV2K8
8590;Bond;RU000A0JV2L6
9330;Bond;RU000A0JWC25
8944;Bond;RU000A0JVNC0
5748;Investment share;RU000A0JTYP3
11792;Bond;RU000A100FZ0
9154;Bond;RU000A0JXTH2
9015;Bond;RU000A0JWJQ6
9022;Bond;RU000A0JVT43
9074;Bond;RU000A0JVZA8
11165;Bond;RU000A0ZZCX6
11646;Bond;RU000A0ZZZY5
11502;Bond;RU000A0ZZWQ8
11153;Bond;RU000A0ZZCV0
5265;Bond;
5266;Bond;
5268;Bond;
5269;Bond;
5271;Bond;
5272;Bond;
11818;Bond;
11254;Bond;RU000A0ZZFP5
11499;Bond;RU000A0ZZX35
11104;Bond;RU000A0ZZAR2
11166;Bond;RU000A0ZZDQ8
11450;Bond;RU000A1001K7
11767;Bond;RU000A1004R6
11892;Bond;RU000A100AM9
11459;Bond;RU000A0ZZUR0
12229;Bond;RU000A100DC4
8826;Bond;RU000A0JVE40
9378;Bond;RU000A0JWAT9
2451;Bond;RU000A0JQ5C5
11774;Bond;RU000A1004Z9
6195;Bond;RU000A0JUZN3
5250;Bond;
9943;Bond;RU000A0JXQH8
5252;Bond;
11890;Bond;RU000A1009Z8
5253;Bond;
5255;Bond;RU000A0JVD17
5256;Bond;RU000A0JWCK4
9945;Bond;RU000A0JXQM8
9983;Bond;RU000A0JXRL8
10049;Bond;RU000A0JXSR3
10477;Bond;RU000A0JXY10
10478;Bond;RU000A0JXY28
5018;Bond;RU000A0JXVY3
9293;Bond;RU000A0JX8E6
11480;Bond;RU000A0ZZWJ3
11626;Bond;RU000A0ZZYP6
12228;Bond;RU000A100CG7
3337;Investment share;RU000A0JR7Y4
4914;Investment share;RU000A0JTQH6
3333;Investment share;RU000A0JR7V0
3338;Investment share;RU000A0JR7W8
4959;Bond;RU000A0JTV50
4960;Bond;
4961;Bond;
11847;Bond;RU000A100CT0
6160;Investment share;RU000A0JUR61
9550;Bond;RU000A0JWTJ0
10345;Bond;RU000A0ZY9T1
10709;Bond;
11044;Bond;RU000A0ZZ8A2
11069;Bond;RU000A0ZZAT8
11724;Bond;RU000A1006C3
4633;Bond;RU000A0JTER1
5296;Bond;RU000A0JU179
6217;Bond;RU000A0JVYD5
6218;Bond;RU000A0JW4F3
6106;Bond;RU000A0JURQ3
6212;Bond;RU000A0JV0G0
6107;Bond;RU000A0JURP5
9416;Bond;RU000A0JWWX5
6123;Bond;RU000A0JWWJ4
6124;Bond;RU000A0JWWH8
6125;Bond;
6126;Bond;
9300;Bond;
6064;Bond;RU000A0JUUB9
8790;Bond;RU000A0JVNA4
9170;Bond;RU000A0JW2R2
9171;Bond;RU000A0JWE72
9172;Bond;RU000A0JWEP9
9173;Bond;RU000A0JWES3
9174;Bond;RU000A0JWG88
5384;Bond;RU000A0JU6M6
11678;Bond;
5385;Bond;RU000A0JWPF6
11763;Bond;RU000A1004S4
5386;Bond;RU000A0JVUS1
11862;Bond;
5387;Bond;RU000A0JVXS5
11873;Bond;RU000A100F95
5388;Bond;RU000A0JWVT5
5433;Bond;RU000A0ZYA74
9254;Bond;RU000A0ZYLB6
9255;Bond;
9256;Bond;RU000A0JWQX7
9257;Bond;RU000A0JXN13
9258;Bond;
9259;Bond;
9260;Bond;RU000A0JWLJ7
9253;Bond;
10565;Bond;
11008;Bond;RU000A0ZZ695
11628;Bond;RU000A1000V6
7045;Bond;RU000A0JUQN2
11070;Bond;RU000A0ZZ9X2
11488;Bond;RU000A0ZZWG9
6038;Bond;RU000A0JUT69
9515;Bond;RU000A0JWPZ4
9853;Bond;RU000A0JXLE6
4937;Bond;
4938;Bond;
4944;Bond;RU000A0JW5J2
4945;Bond;
9403;Bond;RU000A0JWKY8
9404;Bond;RU000A0JXMB0
9405;Bond;RU000A0JXPT5
10334;Bond;RU000A0ZYZS0
10335;Bond;RU000A0ZYB81
10336;Bond;RU000A0ZYL30
10613;Bond;
10614;Bond;RU000A0ZYLR2
10615;Bond;
9701;Bond;RU000A0JXFC2
11645;Bond;RU000A0ZZZN8
9181;Bond;RU000A0JW8G2
2965;Bond;RU000A0JQXR7
5357;Bond;RU000A0JU336
9276;Bond;
9610;Bond;RU000A0JWWW7
9277;Bond;
11265;Bond;RU000A0ZZG93
9278;Bond;
9279;Bond;
9280;Bond;
9281;Bond;
9282;Bond;
9283;Bond;
9284;Bond;
9285;Bond;
9286;Bond;
9287;Bond;
10434;Bond;RU000A0JXVE5
3710;Bond;RU000A0JRU20
3711;Bond;RU000A0JRU46
10829;Bond;
11331;Bond;
8791;Bond;RU000A0JVED7
11147;Bond;RU000A0ZZEA0
11320;Bond;RU000A0ZZMQ9
11500;Bond;RU000A0ZZY42
11782;Bond;RU000A1005N2
9848;Bond;RU000A0JXLU2
11455;Bond;RU000A0ZZW44
11656;Bond;RU000A0ZZZQ1
10682;Bond;RU000A0ZYMF5
11490;Bond;RU000A0ZZYV4
5993;Bond;RU000A0JUQW3
6128;Bond;RU000A0JV334
11633;Bond;RU000A100AA4
8921;Investment share;RU000A0JVJA2
8756;Investment share;RU000A0JUTH8
12242;Bond;RU000A100DM3
3702;Investment share;RU000A0JRTR3
5526;Investment share;RU000A0JU971
9121;Investment share;RU000A0JVUA9
8827;Bond;RU000A0JVE57
10922;Bond;RU000A0ZZ4Z8
11143;Bond;RU000A0ZZC22
11861;Bond;RU000A100E70
8809;Bond;RU000A0JVC42
5892;Bond;RU000A0JUJP2
2868;Investment share;RU000A0JQUE1
11795;Bond;RU000A100741
10402;Bond;RU000A0JXY85
10927;Bond;RU000A0ZZ141
10928;Bond;RU000A0ZZ158
5016;Investment share;RU000A0JTVY1
11325;Investment share;RU000A0ZZTQ4
11762;Investment share;RU000A1006V3
11392;Investment share;RU000A0ZZCD8
11261;Investment share;RU000A0JVKZ7
3400;Investment share;RU000A0JRBT7
8919;Mortgage participation certificates;RU000A0JVEZ0
8914;Investment share;RU000A0JUZ61
2910;Investment share;RU000A0JNK00
2911;Investment share;RU000A0JNK34
876;Investment share;RU000A0JP4U1
5137;Mortgage participation certificates;RU000A0JTXM2
1529;Investment share;RU000A0JPY69
738;Investment share;RU000A0JNUM1
1516;Investment share;RU000A0JPWL4
2857;Investment share;RU000A0JQT81
1121;Investment share;RU000A0JPKJ3
1099;Investment share;RU000A0JPJR8
9785;Investment share;RU000A0JX1H4
4370;Investment share;RU000A0JSGF3
5532;Investment share;RU000A0JU0G1
10538;Investment share;RU000A0JURB5
3334;Investment share;RU000A0JR7Z1
3335;Investment share;RU000A0JR811
3336;Investment share;RU000A0JR7X6
1068;Investment share;RU000A0JPGC6
11280;Investment share;RU000A0ZZ422
865;Investment share;RU000A0JP450
8913;Investment share;RU000A0JVGM3
4299;Investment share;RU000A0JS991
8930;Investment share;RU000A0JVGP6
10834;Bond;RU000A0ZYSE5
11784;Bond;RU000A1009R5
9071;Bond;RU000A0JVXW7
4271;Bond;RU000A0JS8R5
9193;Bond;RU000A0JVZF7
9194;Bond;RU000A0JVZG5
8701;Bond;RU000A0JVE65
4315;Bond;RU000A0JTD37
5661;Bond;RU000A0JUDX9
9138;Bond;RU000A0JVUG6
9766;Bond;RU000A0JX3X7
11469;Bond;RU000A0ZZUZ3
11887;Bond;RU000A100AP2
3282;Bond;
3283;Bond;
3284;Bond;
3285;Bond;
5226;Bond;RU000A0JTZG9
5420;Bond;
5421;Bond;
5422;Bond;
10913;Bond;RU000A0ZZ0L6
5541;Bond;
11866;Bond;RU000A100A41
5543;Bond;RU000A0JWC66
9389;Bond;RU000A0JWKL5
11629;Bond;RU000A1003N7
8605;Bond;RU000A0JXW87
10868;Bond;RU000A0ZZ0Q5
5172;Bond;RU000A0JU8S9
9920;Bond;RU000A0JXPH0
5173;Bond;
5174;Bond;
10533;Bond;RU000A0ZYAQ7
10926;Bond;RU000A0ZZ1F6
10686;Bond;RU000A0ZYJX4
11015;Bond;RU000A0ZZNV7
11660;Bond;RU000A100303
11135;Bond;RU000A0ZZAE0
11271;Bond;RU000A0ZZGZ2
11796;Bond;RU000A1006B5
1658;Investment share;RU000A0JPZP8
1655;Investment share;RU000A0JPZL7
2512;Investment share;RU000A0JQ797
6228;Investment share;RU000A0JUKR6
3672;Investment share;RU000A0JRRN6
2777;Investment share;RU000A0JQP77
2778;Investment share;RU000A0JQPA9
2776;Investment share;RU000A0JQP93
4554;Investment share;RU000A0JT8U8
12251;Bond;RU000A100GK0
3917;Stock;RU000A0JPGE2
4638;Stock;RU000A0JTFH9
4845;Stock;RU000A0JTN19
1747;Stock;RU000A0J2QG8
5025;Bond;RU000A0JTWT9
10708;Bond;RU000A0ZYLK7
3293;Stock;RU000A0JQW11
3294;Stock;RU000A0JQW29
4571;Stock;RU000A0JT7Y2
10559;Bond;RU000A0ZYHW0
269;Stock;RU000A0D8MR7
5082;Bond;RU000A0JVYM6
5083;Bond;
5084;Bond;
5085;Bond;RU000A0JWR51
9752;Bond;RU000A0JX3H0
3976;Stock;RU000A0JQ5X1
8851;Bond;RU000A0JVB19
8852;Bond;RU000A0JVB27
9014;Bond;RU000A0JVKH5
9732;Bond;RU000A0JX1S1
9434;Bond;RU000A0JWLU4
2661;Bond;RU000A0JVW71
2664;Bond;RU000A0JWD57
2665;Bond;
5059;Bond;RU000A0JTZM7
5060;Bond;RU000A0JUCG6
5061;Bond;RU000A0JXJK7
5062;Bond;RU000A0JU542
5063;Bond;RU000A0JU7B7
5064;Bond;RU000A0JVJS4
5065;Bond;RU000A0JU9M0
5066;Bond;RU000A0JUX71
5067;Bond;RU000A0JWHU2
5069;Bond;RU000A0JTY57
5070;Bond;RU000A0JUPZ8
5071;Bond;
3540;Bond;RU000A0JRKC4
3541;Bond;RU000A0JRKD2
3542;Bond;RU000A0JRKM3
4113;Bond;RU000A0JS3M7
4109;Bond;RU000A0JS3L9
3742;Bond;RU000A0JRVU3
1626;Stock;RU0009100911
2905;Bond;
3898;Stock;RU000A0B66V1
3973;Stock;RU000A0JRUT7
3915;Stock;RU0009098123
3916;Stock;RU0009098131
183;Stock;RU000A0JP0Q7
9613;Bond;XS1506500039
8668;Bond;XS0922301717
5399;Bond;RU000A0JU5W7
1280;Stock;RU0009100507
1281;Stock;RU0006765096
11641;Bond;RU000A0ZZZ17
8788;Stock;RU000A0JVA36
9426;Bond;RU000A0JWLX8
10444;Bond;RU000A0JXZM9
3892;Stock;RU000A0JP468
96;Stock;RU000A0JP4J4
10051;Stock;RU000A0JXS91
4471;Stock;RU000A0JS5T7
1246;Stock;RU0007661385
3747;Stock;RU0007976957
3748;Stock;RU0007976965
4132;Bond;RU000A0JS3U0
9731;Bond;RU000A0JX2P5
3651;Bond;RU000A0JWH87
9753;Bond;RU000A0JX2X9
3652;Bond;RU000A0JVEQ9
9797;Bond;RU000A0JX9X4
3653;Bond;RU000A0JVFD4
5243;Bond;RU000A0JUML5
5244;Bond;RU000A0JWGC2
5245;Bond;RU000A0JVHF5
5246;Bond;RU000A0JWGD0
5247;Bond;RU000A0JWX04
5248;Bond;RU000A0JX2Q3
9045;Bond;RU000A0JVUK8
9136;Bond;RU000A0JVXZ0
9632;Bond;RU000A0JWYQ5
9686;Bond;RU000A0JWZY6
4206;Bond;
186;Stock;RU000A0D8MM8
3952;Stock;RU0006929536
11018;Bond;RU000A0ZZ5A8
2875;Stock;RU0009059216
2876;Stock;RU0009100176
1204;Stock;RU000A0HL5M1
5262;Bond;RU000A0JVG89
5263;Bond;RU000A0JWFE0
4258;Stock;RU000A0JS2M9
3894;Stock;RU0009288658
9998;Bond;RU000A0JXUU3
3954;Stock;RU0009046460
3955;Stock;RU0007964789
1249;Stock;RU000A0DQWJ9
1253;Stock;RU0007984761
1251;Stock;RU000A0D8L73
1252;Stock;RU000A0D8L57
8586;Bond;RU000A0JV102
4452;Bond;
4454;Bond;
4455;Bond;
9140;Bond;RU000A0JVYN4
9141;Bond;RU000A0JVYP9
4464;Stock;RU0006334372
4463;Stock;RU0006334380
4157;Bond;RU000A0JS5E9
4168;Bond;RU000A0JS5M2
5375;Bond;
5376;Bond;RU000A0JVUN2
5377;Bond;RU000A0JVUP7
5378;Bond;
1633;Stock;RU0009034268
10925;Stock;RU000A0ZYHF5
4001;Stock;RU000A0JS199
3693;Stock;RU000A0JQG78
3692;Stock;RU000A0JQG86
7999;Stock;RU000A0JQ7U3
5463;Bond;RU000A0JU807
5789;Bond;
5790;Bond;
5791;Bond;
5792;Bond;
10606;Stock;RU000A0ZYD22
4566;Stock;RU000A0JPG04
1190;Stock;RU0009062467
3323;Bond;RU000A0JR878
2848;Bond;RU000A0JWRE5
9910;Bond;RU000A0JXNF9
10483;Bond;RU000A0JXYL4
2850;Bond;RU000A0JWK41
10604;Bond;RU000A0ZYDS7
2851;Bond;RU000A0JWRF2
10723;Bond;RU000A0ZYLC4
10724;Bond;RU000A0ZYLQ4
10893;Bond;RU000A0ZYXV9
3598;Bond;
3599;Bond;
3600;Bond;
3601;Bond;
3602;Bond;
3603;Bond;
3605;Bond;
3606;Bond;
3607;Bond;
3608;Bond;
3609;Bond;
3610;Bond;
3611;Bond;
3612;Bond;
3613;Bond;
3614;Bond;
3615;Bond;
3616;Bond;RU000A0JUAN6
3617;Bond;RU000A0JUAP1
3621;Bond;
3622;Bond;
3623;Bond;
3624;Bond;
3625;Bond;
5734;Depositary receipt;US3682872078
22;Stock;RU000A0JNP96
5719;Bond;RU000A0JW5C7
5720;Bond;
5721;Bond;
5722;Bond;
9032;Stock;RU000A0JV532
4634;Stock;RU000A0JTAP3
5822;Stock;RU000A0JU229
7070;Bond;
3342;Bond;
1279;Stock;RU000A0JL4R1
9566;Bond;RU000A0JWYJ0
9979;Bond;RU000A0JXRF0
10609;Bond;RU000A0ZYEM8
10729;Bond;RU000A0ZYME8
11152;Bond;RU000A0ZZZZ2
203;Stock;RU000A0F63G0
1538;Stock;RU0008992318
5932;Bond;
5933;Bond;
5934;Bond;
5936;Bond;
5937;Bond;
9890;Stock;RU000A0JWW54
3746;Stock;RU0009091300
3959;Stock;RU0009086193
5970;Bond;RU000A0JUP63
8703;Stock;RU000A0JV7V4
9129;Bond;RU000A0JWCW9
3754;Stock;RU000A0JQ9W5
1535;Stock;RU000A0DJ9B4
9832;Bond;RU000A0JXLM9
10629;Bond;RU000A0ZYG37
11498;Bond;RU000A0ZZXD4
3902;Stock;RU0002155292
3904;Stock;RU0002155300
4682;Bond;RU000A0JTHF9
5320;Bond;RU000A0JU278
245;Stock;RU000A0JNAB6
255;Stock;RU000A0DKZK3
1212;Stock;RU000A0JNMZ0
1213;Stock;RU000A0JNNB9
3242;Stock;RU000A0ERNT3
5662;Bond;
5663;Bond;
5664;Bond;RU000A0JVDF4
1540;Stock;RU0002155359
3907;Stock;RU000A0HF1L0
260;Stock;RU000A0D8LW9
261;Stock;RU000A0D8PA6
3240;Bond;
3241;Bond;
266;Stock;RU000A0JNHK2
1664;Stock;RU000A0HMLY1
1663;Stock;RU000A0HMLZ8
2863;Stock;RU000A0JPYD7
3905;Stock;RU000A0B9BV2
3906;Stock;RU000A0B9BW0
4507;Stock;RU000A0JP138
1706;Stock;RU000A0JQ128
3408;Stock;RU000A0JRAK8
3325;Stock;RU000A0ER754
3367;Bond;
3368;Bond;
3369;Bond;
3370;Bond;
4445;Stock;RU000A0JS942
5204;Bond;
5205;Bond;
9411;Bond;RU000A0JWKA8
5206;Bond;
1599;Stock;RU000A0JPWV3
11669;Bond;RU000A1001T8
5138;Bond;
5139;Bond;
5140;Bond;
5141;Bond;
1378;Stock;RU000A0JPPQ7
5750;Bond;
5751;Bond;
5752;Bond;
5073;Bond;
5074;Bond;
5075;Bond;
5188;Bond;RU000A0JVYL8
5189;Bond;RU000A0JWR44
1483;Stock;RU000A0JPPG8
6026;Bond;RU000A0JXVT3
2491;Bond;RU000A0JQ8V9
3067;Bond;RU000A0JR0K8
3068;Bond;RU000A0JR0J0
3346;Bond;RU000A0JR8L9
3347;Bond;RU000A0JR8P0
3525;Bond;RU000A0JRJS2
3526;Bond;RU000A0JRJT0
3527;Bond;RU000A0JRJY0
277;Stock;RU000A0D9AJ7
3922;Stock;RU0009092431
1176;Stock;RU0009036461
1175;Stock;RU0009036479
258;Stock;RU0008913850
337;Stock;RU0008913868
5227;Bond;RU000A0JUUU9
5228;Bond;RU000A0JWJX2
5229;Bond;RU000A0JWNK1
3998;Stock;RU000A0JQLB6
244;Stock;RU0006752979
5275;Bond;
5276;Bond;
8898;Bond;RU000A0JVMU4
9164;Bond;RU000A0JWE64
3671;Stock;RU0009115604
1734;Bond;
1735;Bond;
1736;Bond;
1737;Bond;
1738;Bond;
1739;Bond;
1740;Bond;
1741;Bond;
1742;Bond;
1743;Bond;
3926;Stock;RU0009100515
9131;Stock;RU000A0BLWD7
126;Stock;RU0009084446
4189;Bond;
4191;Bond;
4192;Bond;
4193;Bond;
1554;Stock;RU0007774998
5383;Stock;RU000A0JPLZ7
3375;Bond;RU000A0JRA65
4923;Stock;RU000A0JTQK0
2869;Stock;RU000A0JQU47
3929;Stock;RU0009083240
303;Stock;RU000A0ET123
304;Stock;RU000A0ET156
3648;Stock;RU000A0JRPV3
9366;Bond;RU000A0JWEU9
4375;Bond;RU000A0JUVF8
4377;Bond;RU000A0JUVG6
4378;Bond;
4379;Bond;
4380;Bond;
3248;Stock;RU000A0JR6A6
3895;Stock;RU0009082291
1561;Stock;RU000A0JP922
4390;Bond;RU000A0JWDN6
4416;Bond;
4417;Bond;
4418;Bond;
1317;Stock;RU0009095939
5813;Bond;RU000A0JWRM8
5814;Bond;RU000A0JWRN6
5816;Bond;RU000A0JVZ94
5817;Bond;RU000A0JVZP6
5818;Bond;
5819;Bond;
5820;Bond;
5821;Bond;
5884;Depositary receipt;US69343X2071
3765;Stock;RU000A0JPNP4
5294;Stock;RU000A0JU1B0
1557;Stock;RU000A0JNH21
1185;Stock;RU000A0D9AF5
11757;Bond;RU000A1006X9
11759;Bond;RU000A1006Y7
11760;Bond;RU000A1006Z4
9329;Bond;RU000A0JWBK6
9508;Bond;RU000A0JWNV8
9557;Bond;RU000A0JWU72
11066;Bond;
11067;Bond;
11068;Bond;
6060;Bond;RU000A0JUVT9
3913;Stock;RU0009100408
3914;Stock;RU0009100416
3749;Stock;RU0009100754
3750;Stock;RU0009100762
4691;Bond;
4692;Bond;
4693;Bond;
4694;Bond;
4695;Bond;
10934;Bond;RU000A0ZZ0Z6
4696;Bond;
4697;Bond;
11010;Bond;RU000A0ZZ3U1
4698;Bond;
11031;Bond;RU000A0ZZ5U6
4699;Bond;
11029;Bond;RU000A0ZZ7U2
4700;Bond;
11030;Bond;RU000A0ZZAJ9
4701;Bond;
11106;Bond;RU000A0ZZ992
4702;Bond;
4703;Bond;
11164;Bond;RU000A0ZZDM7
4704;Bond;
11167;Bond;RU000A0ZZD88
4705;Bond;
11193;Bond;RU000A0ZZE38
4706;Bond;
11258;Bond;RU000A0ZZEU8
11263;Bond;RU000A0ZZFC3
11275;Bond;RU000A0ZZHD7
4710;Bond;
11292;Bond;RU000A0ZZKS9
4711;Bond;
11293;Bond;RU000A0ZZKR1
4712;Bond;
11316;Bond;RU000A0ZZL54
4713;Bond;
11326;Bond;RU000A0ZZMA3
4714;Bond;
11329;Bond;RU000A0ZZMB1
4715;Bond;
11389;Bond;RU000A0ZZP19
4716;Bond;
11387;Bond;RU000A0ZZP35
4717;Bond;
11390;Bond;RU000A0ZZP27
4718;Bond;
11408;Bond;RU000A0ZZPE8
4719;Bond;
4720;Bond;
11415;Bond;RU000A0ZZQ18
4721;Bond;
11419;Bond;RU000A0ZZQK3
4722;Bond;
11452;Bond;RU000A0ZZRU0
4723;Bond;
11454;Bond;RU000A0ZZSJ1
4724;Bond;
11456;Bond;RU000A0ZZSK9
4725;Bond;
4726;Bond;
11468;Bond;RU000A0ZZTW2
11467;Bond;RU000A0ZZTX0
4728;Bond;
11475;Bond;RU000A0ZZUX8
4729;Bond;
11497;Bond;RU000A0ZZW51
4730;Bond;
11495;Bond;RU000A0ZZW69
4731;Bond;
11504;Bond;RU000A0ZZWX4
11505;Bond;RU000A0ZZWY2
4733;Bond;
11608;Bond;RU000A0ZZZ41
4734;Bond;
4735;Bond;
4736;Bond;
4737;Bond;
11627;Bond;RU000A0ZZXN3
4738;Bond;
11634;Bond;RU000A0ZZY83
4739;Bond;
11661;Bond;RU000A1000J1
4740;Bond;
11670;Bond;RU000A100188
4741;Bond;
11671;Bond;RU000A100196
6110;Bond;
8722;Bond;
11668;Bond;RU000A1001M3
8723;Bond;
11667;Bond;RU000A1001R2
8724;Bond;
11688;Bond;RU000A100295
8725;Bond;
11734;Bond;RU000A1003G1
8726;Bond;
11738;Bond;RU000A1003H9
8727;Bond;
11765;Bond;RU000A100444
8728;Bond;
11766;Bond;RU000A100451
8729;Bond;
8730;Bond;
11773;Bond;RU000A1004M7
8731;Bond;
11777;Bond;RU000A1004P0
8732;Bond;
11781;Bond;RU000A1004N5
8733;Bond;
11786;Bond;RU000A100576
8734;Bond;
11794;Bond;RU000A1005K8
8735;Bond;
11800;Bond;RU000A100634
8736;Bond;
11803;Bond;RU000A1006D1
8737;Bond;
11814;Bond;RU000A1006R1
8738;Bond;
11817;Bond;RU000A1008A3
8739;Bond;
11830;Bond;RU000A1007B3
8740;Bond;
11831;Bond;RU000A1007C1
8741;Bond;
11819;Bond;RU000A1007D9
8742;Bond;
8743;Bond;
11835;Bond;RU000A1007T5
8744;Bond;
11871;Bond;RU000A100923
8745;Bond;
11870;Bond;RU000A100931
8746;Bond;
11886;Bond;RU000A100A17
8747;Bond;
11888;Bond;RU000A100AK3
8748;Bond;
8749;Bond;
11903;Bond;RU000A100BR6
8750;Bond;
11909;Bond;RU000A100B57
8751;Bond;
11927;Bond;RU000A100BP0
8752;Bond;
12233;Bond;RU000A100CD4
8753;Bond;
12238;Bond;
8754;Bond;
12239;Bond;RU000A100DA8
12240;Bond;RU000A100DL5
12250;Bond;RU000A100DS0
12248;Bond;RU000A100FH8
12271;Bond;RU000A100EB4
12270;Bond;RU000A100EC2
12272;Bond;RU000A100ED0
12282;Bond;RU000A100FG0
12287;Bond;RU000A100FC9
12301;Bond;RU000A100GG8
12303;Bond;RU000A100GF0
12307;Bond;RU000A100GP9
1621;Stock;RU0009100861
4373;Bond;
4374;Bond;
5426;Bond;RU000A0JU716
5980;Bond;RU000A0JWTW3
5981;Bond;RU000A0JWTX1
5982;Bond;RU000A0JX0Y1
5983;Bond;RU000A0JX1A9
1636;Stock;RU0009100895
2983;Stock;RU0009101927
9845;Bond;RU000A0JXKQ2
5638;Bond;
5641;Bond;
5643;Bond;
5644;Bond;
1199;Stock;RU000A0ET1W4
1200;Stock;RU000A0ET1Z7
1255;Stock;RU000A0DPG67
1256;Stock;RU000A0DPG75
248;Stock;RU000A0JNJ11
274;Stock;RU000A0D8K33
275;Stock;RU000A0D8K41
287;Stock;RU000A0ET5A1
288;Stock;RU000A0ET5B9
316;Stock;RU000A0D8PB4
317;Stock;RU000A0D8PC2
1274;Stock;RU000A0D8760
1275;Stock;RU000A0D88B3
9518;Bond;RU000A0JWQ45
4308;Bond;
4309;Bond;RU000A0JTYQ1
4310;Bond;
4311;Bond;
4312;Bond;
1205;Stock;RU000A0D8NG8
1206;Stock;RU000A0D8NH6
3943;Stock;RU000A0B9000
3944;Stock;RU000A0B9018
1231;Stock;RU000A0HM5C1
4022;Bond;RU000A0JS1W0
4135;Bond;RU000A0JS470
1210;Stock;RU000A0JNGS7
1211;Stock;RU000A0JNGT5
1224;Stock;RU000A0ETZF2
1225;Stock;RU000A0ETZM8
11257;Stock;RU000A0JUGP8
11446;Stock;
2824;Bond;RU000A0JWS92
2825;Bond;RU000A0JXPK4
5380;Bond;RU000A0JWCM0
5436;Depositary receipt;US87260R2013
1548;Stock;RU000A0HL7A2
3304;Stock;RU000A0JR4D5
1537;Stock;RU0005294775
1238;Stock;RU0007661302
4257;Stock;RU000A0JPFY2
5304;Bond;
5305;Bond;
5307;Bond;
8609;Bond;
8610;Bond;
8611;Bond;
3198;Stock;RU000A0JR514
3439;Bond;RU000A0JRFN1
3440;Bond;RU000A0JRFP6
3168;Bond;RU000A0JR3M8
3169;Bond;RU000A0JR3L0
3994;Bond;RU000A0JRZK5
5185;Bond;RU000A0JTYJ6
5352;Bond;RU000A0JU2K9
5353;Bond;RU000A0JU2L7
5184;Bond;RU000A0JTYK4
5449;Bond;RU000A0JU7S1
5588;Bond;RU000A0JUC92
5589;Bond;RU000A0JUCA9
8835;Bond;RU000A0JVCB5
8845;Bond;RU000A0JVDD9
9984;Stock;RU000A0JWMU2
3900;Stock;RU0009098990
3901;Stock;RU0009099006
3069;Stock;RU000A0JPRX9
4533;Bond;
5881;Depositary receipt;US8935561006
1582;Stock;RU0007665147
3720;Stock;RU0007665139
4212;Stock;RU000A0JNXF9
10938;Bond;RU000A0ZZD39
12235;Bond;RU000A100DF7
1688;Stock;RU000A0JNST0
1689;Stock;RU0007665170
1723;Stock;RU0009066807
199;Stock;RU000A0EABG1
200;Stock;RU000A0EABH9
4226;Stock;RU0004887991
3957;Stock;RU0007796819
1273;Stock;RU0009257075
1512;Stock;RU0007796827
1264;Stock;RU0009084214
1265;Stock;RU0009100127
4398;Stock;RU000A0JSQ66
5448;Bond;RU000A0JU872
3471;Bond;
10339;Bond;RU000A0JXTN0
4350;Bond;RU000A0JV3L4
12237;Bond;RU000A100EW0
5599;Bond;RU000A0JVFS2
5600;Bond;RU000A0JVFX2
5601;Bond;RU000A0JVGJ9
5602;Bond;RU000A0JVGK7
2923;Stock;RU000A0JQWC1
4259;Stock;RU000A0JS7V9
3925;Stock;RU000A0JRPX9
297;Stock;RU0009090559
312;Stock;RU000A0HHK26
6109;Bond;RU000A0JUV57
9008;Bond;RU000A0JVSG0
6108;Bond;RU000A0JUV81
9684;Bond;RU000A0JWZT6
10741;Bond;RU000A0ZYMD0
10398;Bond;RU000A0JXUH0
10684;Bond;RU000A0ZYH44
4180;Bond;RU000A0JS6M0
5220;Bond;RU000A0JWHT4
8625;Bond;RU000A0JVWA5
5458;Bond;RU000A0JUL67
5459;Bond;RU000A0JUL91
5460;Bond;RU000A0JULA0
5461;Bond;RU000A0JULC6
5511;Stock;RU0008010855
10940;Bond;RU000A0ZZ2U3
11276;Bond;RU000A0ZZKP5
5037;Bond;
5038;Bond;
5040;Bond;
249;Stock;RU0006753498
1504;Stock;RU0006753480
270;Stock;RU0009034490
271;Stock;RU0009092134
5093;Bond;
5094;Bond;
5095;Bond;
5096;Bond;RU000A0JVLM3
3164;Stock;RU0006758919
3170;Stock;RU0006758893
3706;Stock;RU0009098255
3707;Stock;RU0009084495
8324;Stock;RU0009280465
262;Stock;RU0009046767
9135;Bond;RU000A0JVZK7
9134;Bond;RU000A0JVYK0
12227;Bond;XS1964558339
8669;Bond;XS1143363940
9656;Bond;XS1510534677
9972;Bond;XS1589106910
11864;Bond;XS1951067039
11865;Bond;XS1759801720
9432;Bond;XS1352979923
629;Investment share;RU000A0HHJG2
10714;Investment share;RU000A0ZYF79
9189;Bond;XS0911599701
5358;Bond;RU000A0JRTT9
3992;Bond;RU000A0JRTS1
4530;Bond;RU000A0JT8T0
9047;Bond;RU000A0JVZY8
9747;Bond;RU000A0JX2V3
9339;Bond;RU000A0JWGV2
9948;Bond;RU000A0JXRD5
9340;Bond;RU000A0JWTL6
9949;Bond;RU000A0JXS59
9341;Bond;RU000A0JXMP0
11023;Bond;RU000A0ZZ5H3
11024;Bond;RU000A0ZZ5J9
11635;Bond;
11636;Bond;RU000A1008Y3
11874;Foreign Fund shares;IE00BL3DYW26
5497;Foreign Fund shares;IE00BD3QF110
5499;Foreign Fund shares;IE00BD3QHZ91
5891;Foreign Fund shares;IE00BL3DYX33
9305;Foreign Fund shares;IE00BQ1Y6480
11737;Bond;RU000A100907
12231;Bond;RU000A100C23
12232;Bond;RU000A100EL3
11651;Bond;RU000A1000H5
12276;Bond;RU000A100ER0
11461;Bond;RU000A0ZZTK7
11895;Bond;RU000A100AZ1
2724;Bond;
2725;Bond;
1177;Stock;RU000A0DPNQ5
5972;Bond;RU000A0JUQ13
8641;Bond;RU000A0JV8U4
9996;Bond;RU000A0JXT17
8642;Bond;RU000A0JVRM0
8643;Bond;RU000A0JVLH3
338;Stock;RU0009011126
339;Stock;RU0009011134
265;Stock;RU0006753613
4663;Bond;
4664;Bond;
4665;Bond;
